<?xml version="1.0" encoding="utf-8"?>
<ApplicationInstallerManifest>
   <DefaultInstallationDirectory>/Applications/Keio_University/Phantom/</DefaultInstallationDirectory>
   <ApplicationName>Phantom</ApplicationName>
   <ExecutableName>application/Phantom.exe</ExecutableName>
   <GUID>890f8070-a9d4-41ff-8b82-2184e69a7d84</GUID>
   <ApplicationIcon>default_icon_48.png</ApplicationIcon>
   <Logo>default_logo.png</Logo>
   <Version>1.3</Version>
   <AuthorOrganization>Keio University</AuthorOrganization>
   <WelcomePanelText>Phantom 1.3
Shohei Aoki
shoaok@gmail.com</WelcomePanelText>
   <MCRProducts>
      <MCRProduct>
         <ExternalProductIdentifier>35000</ExternalProductIdentifier>
      </MCRProduct>
      <MCRProduct>
         <ExternalProductIdentifier>35010</ExternalProductIdentifier>
      </MCRProduct>
   </MCRProducts>
</ApplicationInstallerManifest>