<?xml version="1.0" encoding="utf-8"?>
<ApplicationInstallerManifest>
   <DefaultInstallationDirectory>/Applications/Keio_University/Phantom/</DefaultInstallationDirectory>
   <ApplicationName>Phantom</ApplicationName>
   <ExecutableName>application/Phantom.exe</ExecutableName>
   <GUID>e248fd64-1d11-466a-93c3-b32cc142bff1</GUID>
   <ApplicationIcon>default_icon_48.png</ApplicationIcon>
   <Logo>default_logo.png</Logo>
   <Version>1.4</Version>
   <AuthorOrganization>Keio University</AuthorOrganization>
   <WelcomePanelText>Phantom 1.4
Shohei Aoki
shoaok@gmail.com</WelcomePanelText>
   <MCRProducts>
      <MCRProduct>
         <ExternalProductIdentifier>35000</ExternalProductIdentifier>
      </MCRProduct>
      <MCRProduct>
         <ExternalProductIdentifier>35010</ExternalProductIdentifier>
      </MCRProduct>
   </MCRProducts>
</ApplicationInstallerManifest>