<?xml version="1.0" encoding="utf-8"?>
<ApplicationInstallerManifest>
   <DefaultInstallationDirectory>/Applications/Keio_University/Phantom/</DefaultInstallationDirectory>
   <ApplicationName>Phantom</ApplicationName>
   <ExecutableName>application/Phantom.exe</ExecutableName>
   <GUID>d1a9eff4-d6d2-4882-92e5-2d1824ddad95</GUID>
   <ApplicationIcon>default_icon_48.png</ApplicationIcon>
   <Logo>default_logo.png</Logo>
   <Version>1.0</Version>
   <AuthorOrganization>Keio University</AuthorOrganization>
   <WelcomePanelText>Phantom 1.0
Shohei Aoki
shoaok@gmail.com</WelcomePanelText>
   <MCRProducts>
      <MCRProduct>
         <ExternalProductIdentifier>35000</ExternalProductIdentifier>
      </MCRProduct>
      <MCRProduct>
         <ExternalProductIdentifier>35010</ExternalProductIdentifier>
      </MCRProduct>
   </MCRProducts>
</ApplicationInstallerManifest>